131849378	Achroia grisella
131849388	Achroia grisella
131850168	Achroia grisella
131850180	Achroia grisella
131851219	Achroia grisella
131851234	Achroia grisella
131851413	Achroia grisella
105146305	Acromyrmex echinatior
105146306	Acromyrmex echinatior
105146307	Acromyrmex echinatior
105149176	Acromyrmex echinatior
105149177	Acromyrmex echinatior
100167742	Acyrthosiphon pisum
126839157	Adelges cooleyi
126839158	Adelges cooleyi
110675126	Aedes aegypti
110676293	Aedes aegypti
110676294	Aedes aegypti
110681076	Aedes aegypti
23687552	Aedes aegypti
5570920	Aedes aegypti
5573760	Aedes aegypti
5574070	Aedes aegypti
5578841	Aedes aegypti
5578844	Aedes aegypti
5579458	Aedes aegypti
109399239	Aedes albopictus
109401354	Aedes albopictus
109422379	Aedes albopictus
109424283	Aedes albopictus
109428697	Aedes albopictus
109428699	Aedes albopictus
109429051	Aedes albopictus
109430577	Aedes albopictus
109595674	Aethina tumida
109596267	Aethina tumida
109598919	Aethina tumida
109600348	Aethina tumida
109600391	Aethina tumida
109600408	Aethina tumida
109605247	Aethina tumida
109609517	Aethina tumida
108733212	Agrilus planipennis
108736955	Agrilus planipennis
108741990	Agrilus planipennis
106135273	Amyelois transitella
106135294	Amyelois transitella
106137669	Amyelois transitella
106139245	Amyelois transitella
106139709	Amyelois transitella
106143353	Amyelois transitella
106143375	Amyelois transitella
132903456	Amyelois transitella
136863955	Anabrus simplex
136872069	Anabrus simplex
136883147	Anabrus simplex
136883158	Anabrus simplex
136883198	Anabrus simplex
136883212	Anabrus simplex
136883237	Anabrus simplex
136883245	Anabrus simplex
137500921	Anabrus simplex
128866896	Anastrepha ludens
128866912	Anastrepha ludens
128867131	Anastrepha ludens
128867179	Anastrepha ludens
128867992	Anastrepha ludens
128867993	Anastrepha ludens
128867994	Anastrepha ludens
128868409	Anastrepha ludens
128868411	Anastrepha ludens
128868412	Anastrepha ludens
128868413	Anastrepha ludens
128868414	Anastrepha ludens
128868415	Anastrepha ludens
128868753	Anastrepha ludens
128868754	Anastrepha ludens
129242012	Anastrepha obliqua
129242146	Anastrepha obliqua
129243385	Anastrepha obliqua
129243386	Anastrepha obliqua
129243433	Anastrepha obliqua
129244242	Anastrepha obliqua
129244288	Anastrepha obliqua
129244377	Anastrepha obliqua
129245368	Anastrepha obliqua
129246103	Anastrepha obliqua
129246428	Anastrepha obliqua
129246483	Anastrepha obliqua
129246486	Anastrepha obliqua
129246487	Anastrepha obliqua
129246488	Anastrepha obliqua
118460906	Anopheles albimanus
118461007	Anopheles albimanus
118461058	Anopheles albimanus
118464230	Anopheles albimanus
118465749	Anopheles albimanus
118466446	Anopheles albimanus
126570568	Anopheles aquasalis
126575058	Anopheles aquasalis
126577418	Anopheles aquasalis
126577584	Anopheles aquasalis
120895512	Anopheles arabiensis
120895513	Anopheles arabiensis
120896783	Anopheles arabiensis
120898551	Anopheles arabiensis
120898552	Anopheles arabiensis
120898553	Anopheles arabiensis
120898554	Anopheles arabiensis
120903764	Anopheles arabiensis
120905583	Anopheles arabiensis
131205246	Anopheles bellator
131205396	Anopheles bellator
131205553	Anopheles bellator
131205554	Anopheles bellator
131213309	Anopheles bellator
131213980	Anopheles bellator
131214024	Anopheles bellator
120947783	Anopheles coluzzii
120947785	Anopheles coluzzii
120947786	Anopheles coluzzii
120953341	Anopheles coluzzii
120953342	Anopheles coluzzii
120954976	Anopheles coluzzii
120960209	Anopheles coluzzii
131259249	Anopheles coustani
131262726	Anopheles coustani
131266271	Anopheles coustani
131266272	Anopheles coustani
131266358	Anopheles coustani
131266359	Anopheles coustani
131268809	Anopheles coustani
131272479	Anopheles coustani
128267021	Anopheles cruzii
128267804	Anopheles cruzii
128268393	Anopheles cruzii
128268394	Anopheles cruzii
128270086	Anopheles cruzii
128270400	Anopheles cruzii
128274044	Anopheles cruzii
128274930	Anopheles cruzii
128277866	Anopheles cruzii
128278197	Anopheles cruzii
125955105	Anopheles darlingi
125955107	Anopheles darlingi
125955940	Anopheles darlingi
125956652	Anopheles darlingi
125960121	Anopheles darlingi
125761838	Anopheles funestus
125766902	Anopheles funestus
125771352	Anopheles funestus
125771359	Anopheles funestus
125771370	Anopheles funestus
1269796	Anopheles gambiae
1269798	Anopheles gambiae
1269831	Anopheles gambiae
1269833	Anopheles gambiae
1270806	Anopheles gambiae
1271984	Anopheles gambiae
4576724	Anopheles gambiae
4576725	Anopheles gambiae
4576754	Anopheles gambiae
126558663	Anopheles maculipalpis
126558994	Anopheles maculipalpis
126559680	Anopheles maculipalpis
126560749	Anopheles maculipalpis
126563213	Anopheles maculipalpis
126563221	Anopheles maculipalpis
126563247	Anopheles maculipalpis
126563309	Anopheles maculipalpis
126567636	Anopheles maculipalpis
128707878	Anopheles marshallii
128709534	Anopheles marshallii
128709684	Anopheles marshallii
128711072	Anopheles marshallii
128711073	Anopheles marshallii
128713214	Anopheles marshallii
128713231	Anopheles marshallii
128716260	Anopheles marshallii
128716321	Anopheles marshallii
128717842	Anopheles marshallii
121589537	Anopheles merus
121592726	Anopheles merus
121592727	Anopheles merus
121594561	Anopheles merus
121594562	Anopheles merus
121594563	Anopheles merus
121594564	Anopheles merus
121600283	Anopheles merus
128304938	Anopheles moucheti
128304940	Anopheles moucheti
128305753	Anopheles moucheti
128305754	Anopheles moucheti
128307159	Anopheles moucheti
128310576	Anopheles moucheti
128722444	Anopheles nili
128724927	Anopheles nili
128725411	Anopheles nili
128726270	Anopheles nili
128726271	Anopheles nili
128729296	Anopheles nili
128732031	Anopheles nili
118504573	Anopheles stephensi
118507984	Anopheles stephensi
118510588	Anopheles stephensi
118510589	Anopheles stephensi
118511246	Anopheles stephensi
118511247	Anopheles stephensi
118516930	Anopheles stephensi
118516931	Anopheles stephensi
131284979	Anopheles ziemanni
131285735	Anopheles ziemanni
131286725	Anopheles ziemanni
131289120	Anopheles ziemanni
131290696	Anopheles ziemanni
131290954	Anopheles ziemanni
131290965	Anopheles ziemanni
131294292	Anopheles ziemanni
131294737	Anopheles ziemanni
131294739	Anopheles ziemanni
108904770	Anoplophora glabripennis
108907630	Anoplophora glabripennis
108907645	Anoplophora glabripennis
108908066	Anoplophora glabripennis
108908068	Anoplophora glabripennis
108917733	Anoplophora glabripennis
108917734	Anoplophora glabripennis
126738018	Anthonomus grandis grandis
126742154	Anthonomus grandis grandis
126745177	Anthonomus grandis grandis
126750195	Anthonomus grandis grandis
122853886	Aphidius gifuensis
122854179	Aphidius gifuensis
122857459	Aphidius gifuensis
114119505	Aphis gossypii
114119506	Aphis gossypii
108000169	Apis cerana
114577830	Apis cerana
133665867	Apis cerana
102672973	Apis dorsata
102675258	Apis dorsata
116186805	Apis dorsata
100863930	Apis florea
100868408	Apis florea
100868528	Apis florea
122714145	Apis laboriosa
113218576	Apis mellifera
409663	Apis mellifera
724899	Apis mellifera
121727784	Aricia agestis
121727953	Aricia agestis
121727955	Aricia agestis
121732318	Aricia agestis
121735286	Aricia agestis
121735287	Aricia agestis
121735289	Aricia agestis
121735290	Aricia agestis
121735985	Aricia agestis
121739669	Aricia agestis
121739670	Aricia agestis
134202536	Armigeres subalbatus
134202540	Armigeres subalbatus
134203090	Armigeres subalbatus
134203097	Armigeres subalbatus
134203380	Armigeres subalbatus
134203387	Armigeres subalbatus
134203781	Armigeres subalbatus
134214229	Armigeres subalbatus
134214231	Armigeres subalbatus
134215765	Armigeres subalbatus
134216227	Armigeres subalbatus
134222383	Armigeres subalbatus
134222842	Armigeres subalbatus
134223248	Armigeres subalbatus
105687526	Athalia rosae
105688939	Athalia rosae
105689289	Athalia rosae
105692519	Athalia rosae
105693499	Athalia rosae
105620701	Atta cephalotes
105620702	Atta cephalotes
105620751	Atta cephalotes
108685444	Atta colombica
108685449	Atta colombica
108685455	Atta colombica
134534431	Bacillus rossius redtenbacheri
134538714	Bacillus rossius redtenbacheri
134540448	Bacillus rossius redtenbacheri
134541211	Bacillus rossius redtenbacheri
134542554	Bacillus rossius redtenbacheri
134542787	Bacillus rossius redtenbacheri
134542788	Bacillus rossius redtenbacheri
134542789	Bacillus rossius redtenbacheri
105223830	Bactrocera dorsalis
105223831	Bactrocera dorsalis
105225432	Bactrocera dorsalis
105225433	Bactrocera dorsalis
105225434	Bactrocera dorsalis
105228345	Bactrocera dorsalis
105228346	Bactrocera dorsalis
105228347	Bactrocera dorsalis
105228348	Bactrocera dorsalis
105228349	Bactrocera dorsalis
105228350	Bactrocera dorsalis
105228351	Bactrocera dorsalis
105228352	Bactrocera dorsalis
105233408	Bactrocera dorsalis
109579568	Bactrocera dorsalis
125777290	Bactrocera dorsalis
125777836	Bactrocera dorsalis
108966141	Bactrocera latifrons
108966142	Bactrocera latifrons
108966144	Bactrocera latifrons
108966193	Bactrocera latifrons
108966194	Bactrocera latifrons
108966196	Bactrocera latifrons
108967297	Bactrocera latifrons
108971756	Bactrocera latifrons
108974530	Bactrocera latifrons
108974531	Bactrocera latifrons
108975105	Bactrocera latifrons
126754903	Bactrocera neohumeralis
126754904	Bactrocera neohumeralis
126754905	Bactrocera neohumeralis
126754907	Bactrocera neohumeralis
126754908	Bactrocera neohumeralis
126754909	Bactrocera neohumeralis
126754910	Bactrocera neohumeralis
126754911	Bactrocera neohumeralis
126755518	Bactrocera neohumeralis
126755865	Bactrocera neohumeralis
126756061	Bactrocera neohumeralis
126756108	Bactrocera neohumeralis
126756291	Bactrocera neohumeralis
126756293	Bactrocera neohumeralis
126757053	Bactrocera neohumeralis
106614164	Bactrocera oleae
106614492	Bactrocera oleae
106614526	Bactrocera oleae
106617910	Bactrocera oleae
106618295	Bactrocera oleae
106619387	Bactrocera oleae
106624617	Bactrocera oleae
106624620	Bactrocera oleae
106624621	Bactrocera oleae
106626877	Bactrocera oleae
106626878	Bactrocera oleae
120770783	Bactrocera tryoni
120770784	Bactrocera tryoni
120770837	Bactrocera tryoni
120770838	Bactrocera tryoni
120772427	Bactrocera tryoni
120772489	Bactrocera tryoni
120772490	Bactrocera tryoni
120772491	Bactrocera tryoni
120772492	Bactrocera tryoni
120772493	Bactrocera tryoni
120772658	Bactrocera tryoni
120772983	Bactrocera tryoni
137918673	Battus philenor
137918873	Battus philenor
137918984	Battus philenor
137924518	Battus philenor
137924679	Battus philenor
137924725	Battus philenor
137932596	Battus philenor
137932620	Battus philenor
137932710	Battus philenor
137932817	Battus philenor
137932818	Battus philenor
137932819	Battus philenor
137933082	Battus philenor
117168086	Belonocnema kinseyi
117180405	Belonocnema kinseyi
117180733	Belonocnema kinseyi
109040865	Bemisia tabaci
109042206	Bemisia tabaci
109042207	Bemisia tabaci
109043017	Bemisia tabaci
112045548	Bicyclus anynana
112046778	Bicyclus anynana
112046809	Bicyclus anynana
112054891	Bicyclus anynana
112058490	Bicyclus anynana
126916419	Bombus affinis
126922625	Bombus affinis
117208133	Bombus bifarius
117216397	Bombus bifarius
138179531	Bombus flavifrons
138185392	Bombus flavifrons
126864858	Bombus huntii
126872521	Bombus huntii
100743469	Bombus impatiens
100747760	Bombus impatiens
100748720	Bombus impatiens
132905434	Bombus pascuorum
132911241	Bombus pascuorum
122565652	Bombus pyrosoma
122574093	Bombus pyrosoma
100642297	Bombus terrestris
100649284	Bombus terrestris
117153191	Bombus vancouverensis nearcticus
117154123	Bombus vancouverensis nearcticus
117231586	Bombus vosnesenskii
117235558	Bombus vosnesenskii
114243084	Bombyx mandarina
114243405	Bombyx mandarina
114243415	Bombyx mandarina
114251454	Bombyx mandarina
114252125	Bombyx mandarina
114252278	Bombyx mandarina
100101198	Bombyx mori
101736879	Bombyx mori
101738212	Bombyx mori
101738343	Bombyx mori
105842620	Bombyx mori
693015	Bombyx mori
119071329	Bradysia coprophila
119072814	Bradysia coprophila
119073652	Bradysia coprophila
119078069	Bradysia coprophila
119080725	Bradysia coprophila
119084817	Bradysia coprophila
119085471	Bradysia coprophila
119085528	Bradysia coprophila
135950252	Calliphora vicina
135950331	Calliphora vicina
135950333	Calliphora vicina
135950956	Calliphora vicina
135950980	Calliphora vicina
135951055	Calliphora vicina
135951111	Calliphora vicina
135951117	Calliphora vicina
135953083	Calliphora vicina
135958521	Calliphora vicina
135960101	Calliphora vicina
135960159	Calliphora vicina
135960165	Calliphora vicina
135960170	Calliphora vicina
135960273	Calliphora vicina
135960286	Calliphora vicina
135960370	Calliphora vicina
135960677	Calliphora vicina
135960797	Calliphora vicina
135961044	Calliphora vicina
135961867	Calliphora vicina
135961931	Calliphora vicina
105248247	Camponotus floridanus
105249528	Camponotus floridanus
105254967	Camponotus floridanus
105258583	Camponotus floridanus
126851348	Cataglyphis hispanica
126851911	Cataglyphis hispanica
126858857	Cataglyphis hispanica
126859132	Cataglyphis hispanica
107268950	Cephus cinctus
107269563	Cephus cinctus
107270125	Cephus cinctus
108629243	Ceratina calcarata
108632981	Ceratina calcarata
101449254	Ceratitis capitata
101455329	Ceratitis capitata
101455498	Ceratitis capitata
101455665	Ceratitis capitata
101461485	Ceratitis capitata
101461616	Ceratitis capitata
101461912	Ceratitis capitata
101462015	Ceratitis capitata
101462314	Ceratitis capitata
101462498	Ceratitis capitata
101462684	Ceratitis capitata
105664715	Ceratitis capitata
111591664	Ceratitis capitata
105359390	Ceratosolen solmsi marchali
105368412	Ceratosolen solmsi marchali
118065099	Chelonus insularis
118065911	Chelonus insularis
118068780	Chelonus insularis
118069391	Chelonus insularis
123290372	Chrysoperla carnea
123290373	Chrysoperla carnea
123290374	Chrysoperla carnea
123290375	Chrysoperla carnea
123290378	Chrysoperla carnea
123293136	Chrysoperla carnea
123293612	Chrysoperla carnea
123294937	Chrysoperla carnea
123300028	Chrysoperla carnea
123300803	Chrysoperla carnea
123302871	Chrysoperla carnea
123305178	Chrysoperla carnea
123305374	Chrysoperla carnea
123305501	Chrysoperla carnea
106660902	Cimex lectularius
106663584	Cimex lectularius
106663588	Cimex lectularius
106663700	Cimex lectularius
106666694	Cimex lectularius
106667626	Cimex lectularius
106669094	Cimex lectularius
106669568	Cimex lectularius
106673043	Cimex lectularius
112127513	Cimex lectularius
135936896	Cloeon dipterum
135937628	Cloeon dipterum
135939546	Cloeon dipterum
135940393	Cloeon dipterum
123307213	Coccinella septempunctata
123307214	Coccinella septempunctata
123310006	Coccinella septempunctata
123312942	Coccinella septempunctata
123313409	Coccinella septempunctata
123315422	Coccinella septempunctata
123317207	Coccinella septempunctata
123317208	Coccinella septempunctata
123320034	Coccinella septempunctata
123693954	Colias croceus
123693955	Colias croceus
123697761	Colias croceus
123697762	Colias croceus
123697844	Colias croceus
123703138	Colias croceus
123703140	Colias croceus
122398616	Colletes gigas
122400235	Colletes gigas
122400236	Colletes gigas
129606430	Condylostylus longicornis
129607588	Condylostylus longicornis
129611114	Condylostylus longicornis
129611227	Condylostylus longicornis
129611241	Condylostylus longicornis
129613343	Condylostylus longicornis
129613397	Condylostylus longicornis
129613848	Condylostylus longicornis
116340060	Contarinia nasturtii
116342156	Contarinia nasturtii
116345343	Contarinia nasturtii
106636266	Copidosoma floridanum
106637429	Copidosoma floridanum
106646602	Copidosoma floridanum
106647652	Copidosoma floridanum
106647765	Copidosoma floridanum
123261901	Cotesia glomerata
123272759	Cotesia glomerata
123272760	Cotesia glomerata
123274140	Cotesia glomerata
111864517	Cryptotermes secundus
111864787	Cryptotermes secundus
111864789	Cryptotermes secundus
111864790	Cryptotermes secundus
111864791	Cryptotermes secundus
111864792	Cryptotermes secundus
111864793	Cryptotermes secundus
111864794	Cryptotermes secundus
111866640	Cryptotermes secundus
111871411	Cryptotermes secundus
111873783	Cryptotermes secundus
111873786	Cryptotermes secundus
111873787	Cryptotermes secundus
113364220	Ctenocephalides felis
113366625	Ctenocephalides felis
113366809	Ctenocephalides felis
113366814	Ctenocephalides felis
113366915	Ctenocephalides felis
113375469	Ctenocephalides felis
113375593	Ctenocephalides felis
113375595	Ctenocephalides felis
113376504	Ctenocephalides felis
113377611	Ctenocephalides felis
113386966	Ctenocephalides felis
120415320	Culex pipiens pallens
120418999	Culex pipiens pallens
120422630	Culex pipiens pallens
120422982	Culex pipiens pallens
6031366	Culex quinquefasciatus
6037178	Culex quinquefasciatus
6041621	Culex quinquefasciatus
6053515	Culex quinquefasciatus
134830545	Culicoides brevitarsis
134831537	Culicoides brevitarsis
134835496	Culicoides brevitarsis
134838039	Culicoides brevitarsis
134838522	Culicoides brevitarsis
134653468	Cydia amplana
134653474	Cydia amplana
134653483	Cydia amplana
134653849	Cydia amplana
134654222	Cydia amplana
134654242	Cydia amplana
134661165	Cydia amplana
134661197	Cydia amplana
134661214	Cydia amplana
134664915	Cydia fagiglandana
134666088	Cydia fagiglandana
134666090	Cydia fagiglandana
134672679	Cydia fagiglandana
134672690	Cydia fagiglandana
134672980	Cydia fagiglandana
134679213	Cydia fagiglandana
134679218	Cydia fagiglandana
134679234	Cydia fagiglandana
133516544	Cydia pomonella
133516545	Cydia pomonella
133516550	Cydia pomonella
133526251	Cydia pomonella
133526343	Cydia pomonella
133526346	Cydia pomonella
133534586	Cydia pomonella
133534587	Cydia pomonella
133534589	Cydia pomonella
134791972	Cydia splendana
134797239	Cydia splendana
134797554	Cydia splendana
134797556	Cydia splendana
134799842	Cydia splendana
134799924	Cydia splendana
134801802	Cydia splendana
134801807	Cydia splendana
134801833	Cydia splendana
134743423	Cydia strobilella
134746392	Cydia strobilella
134746730	Cydia strobilella
134746732	Cydia strobilella
134751894	Cydia strobilella
134755093	Cydia strobilella
134755500	Cydia strobilella
132699521	Cylas formicarius
132699538	Cylas formicarius
132701881	Cylas formicarius
132703427	Cylas formicarius
132703746	Cylas formicarius
126902503	Daktulosphaira vitifoliae
126902504	Daktulosphaira vitifoliae
135790332	Dalotia coriaria
135792747	Dalotia coriaria
135798976	Dalotia coriaria
116768721	Danaus plexippus
116771367	Danaus plexippus
116771368	Danaus plexippus
116771369	Danaus plexippus
116771378	Danaus plexippus
116771399	Danaus plexippus
116773565	Danaus plexippus
116773666	Danaus plexippus
133320405	Danaus plexippus
109534458	Dendroctonus ponderosae
109535246	Dendroctonus ponderosae
109542329	Dendroctonus ponderosae
109544630	Dendroctonus ponderosae
125503626	Dendroctonus ponderosae
114324594	Diabrotica virgifera virgifera
114329300	Diabrotica virgifera virgifera
114329375	Diabrotica virgifera virgifera
114333901	Diabrotica virgifera virgifera
114337702	Diabrotica virgifera virgifera
126886800	Diabrotica virgifera virgifera
107039022	Diachasma alloeum
107047915	Diachasma alloeum
135160756	Diachasmimorpha longicaudata
135163595	Diachasmimorpha longicaudata
103509720	Diaphorina citri
103510894	Diaphorina citri
103515209	Diaphorina citri
103515300	Diaphorina citri
103515655	Diaphorina citri
113467675	Diaphorina citri
113469957	Diaphorina citri
106744250	Dinoponera quadriceps
106746226	Dinoponera quadriceps
130894824	Diorhabda carinulata
130899243	Diorhabda carinulata
130902279	Diorhabda carinulata
130903667	Diorhabda carinulata
130441695	Diorhabda sublineata
130441861	Diorhabda sublineata
130442614	Diorhabda sublineata
130442867	Diorhabda sublineata
130447481	Diorhabda sublineata
130453368	Diorhabda sublineata
124404766	Diprion similis
124413703	Diprion similis
124415840	Diprion similis
124416092	Diprion similis
107166405	Diuraphis noxia
107167011	Diuraphis noxia
117563981	Drosophila albomicans
117566405	Drosophila albomicans
117567521	Drosophila albomicans
117567522	Drosophila albomicans
117567523	Drosophila albomicans
117567525	Drosophila albomicans
117567526	Drosophila albomicans
117567527	Drosophila albomicans
117567529	Drosophila albomicans
117567530	Drosophila albomicans
117568728	Drosophila albomicans
117569678	Drosophila albomicans
117569679	Drosophila albomicans
117569847	Drosophila albomicans
117569951	Drosophila albomicans
117570189	Drosophila albomicans
117570519	Drosophila albomicans
117570520	Drosophila albomicans
117570521	Drosophila albomicans
117571333	Drosophila albomicans
127565542	Drosophila albomicans
116655744	Drosophila ananassae
116655745	Drosophila ananassae
116655906	Drosophila ananassae
6492946	Drosophila ananassae
6492947	Drosophila ananassae
6492948	Drosophila ananassae
6492949	Drosophila ananassae
6492952	Drosophila ananassae
6494281	Drosophila ananassae
6494282	Drosophila ananassae
6494283	Drosophila ananassae
6494284	Drosophila ananassae
6495509	Drosophila ananassae
6503771	Drosophila ananassae
6507068	Drosophila ananassae
6507069	Drosophila ananassae
108612215	Drosophila arizonae
108612464	Drosophila arizonae
108613875	Drosophila arizonae
108613876	Drosophila arizonae
108613877	Drosophila arizonae
108613878	Drosophila arizonae
108615280	Drosophila arizonae
108615349	Drosophila arizonae
108615901	Drosophila arizonae
108615902	Drosophila arizonae
108619886	Drosophila arizonae
108022346	Drosophila biarmipes
108022846	Drosophila biarmipes
108022848	Drosophila biarmipes
108024136	Drosophila biarmipes
108025666	Drosophila biarmipes
108027792	Drosophila biarmipes
108029203	Drosophila biarmipes
108029210	Drosophila biarmipes
108029216	Drosophila biarmipes
108029225	Drosophila biarmipes
108029236	Drosophila biarmipes
108029246	Drosophila biarmipes
108029623	Drosophila biarmipes
108030636	Drosophila biarmipes
108036199	Drosophila biarmipes
108036392	Drosophila biarmipes
108036498	Drosophila biarmipes
108036499	Drosophila biarmipes
108121250	Drosophila bipectinata
108122816	Drosophila bipectinata
108123067	Drosophila bipectinata
108123161	Drosophila bipectinata
108123162	Drosophila bipectinata
108130155	Drosophila bipectinata
108130156	Drosophila bipectinata
108130157	Drosophila bipectinata
108130158	Drosophila bipectinata
108130160	Drosophila bipectinata
108130161	Drosophila bipectinata
108130162	Drosophila bipectinata
108130201	Drosophila bipectinata
108130202	Drosophila bipectinata
108132902	Drosophila bipectinata
108132910	Drosophila bipectinata
108133199	Drosophila bipectinata
108133200	Drosophila bipectinata
108133230	Drosophila bipectinata
108594870	Drosophila busckii
108595240	Drosophila busckii
108595334	Drosophila busckii
108595738	Drosophila busckii
108595778	Drosophila busckii
108596645	Drosophila busckii
108597105	Drosophila busckii
108597106	Drosophila busckii
108597711	Drosophila busckii
108597894	Drosophila busckii
108599021	Drosophila busckii
108599848	Drosophila busckii
108599849	Drosophila busckii
108599851	Drosophila busckii
108601011	Drosophila busckii
108605820	Drosophila busckii
108136181	Drosophila elegans
108138931	Drosophila elegans
108144116	Drosophila elegans
108144256	Drosophila elegans
108144485	Drosophila elegans
108144555	Drosophila elegans
108144556	Drosophila elegans
108145472	Drosophila elegans
108145473	Drosophila elegans
108145706	Drosophila elegans
108145941	Drosophila elegans
108145943	Drosophila elegans
108145944	Drosophila elegans
108145945	Drosophila elegans
108149083	Drosophila elegans
26526412	Drosophila erecta
6543861	Drosophila erecta
6545492	Drosophila erecta
6545493	Drosophila erecta
6545494	Drosophila erecta
6545495	Drosophila erecta
6547786	Drosophila erecta
6547787	Drosophila erecta
6548337	Drosophila erecta
6548338	Drosophila erecta
6548339	Drosophila erecta
6548340	Drosophila erecta
6548724	Drosophila erecta
6550945	Drosophila erecta
6551033	Drosophila erecta
6556143	Drosophila erecta
6556144	Drosophila erecta
108102771	Drosophila eugracilis
108102780	Drosophila eugracilis
108102797	Drosophila eugracilis
108102798	Drosophila eugracilis
108102799	Drosophila eugracilis
108102800	Drosophila eugracilis
108102801	Drosophila eugracilis
108102802	Drosophila eugracilis
108102803	Drosophila eugracilis
108103671	Drosophila eugracilis
108108854	Drosophila eugracilis
108109208	Drosophila eugracilis
108112599	Drosophila eugracilis
108112946	Drosophila eugracilis
108112947	Drosophila eugracilis
108112949	Drosophila eugracilis
108113005	Drosophila eugracilis
108114895	Drosophila eugracilis
108093677	Drosophila ficusphila
108093758	Drosophila ficusphila
108093759	Drosophila ficusphila
108093760	Drosophila ficusphila
108093761	Drosophila ficusphila
108094835	Drosophila ficusphila
108094843	Drosophila ficusphila
108094845	Drosophila ficusphila
108097036	Drosophila ficusphila
108100202	Drosophila ficusphila
108100302	Drosophila ficusphila
108100304	Drosophila ficusphila
108100305	Drosophila ficusphila
108100306	Drosophila ficusphila
108100307	Drosophila ficusphila
108100308	Drosophila ficusphila
116805930	Drosophila grimshawi
6557715	Drosophila grimshawi
6557784	Drosophila grimshawi
6558200	Drosophila grimshawi
6558464	Drosophila grimshawi
6558932	Drosophila grimshawi
6559446	Drosophila grimshawi
6559630	Drosophila grimshawi
6560606	Drosophila grimshawi
6560607	Drosophila grimshawi
6560898	Drosophila grimshawi
6565034	Drosophila grimshawi
6568869	Drosophila grimshawi
6568870	Drosophila grimshawi
6568914	Drosophila grimshawi
6568915	Drosophila grimshawi
117579819	Drosophila guanche
117579980	Drosophila guanche
117580050	Drosophila guanche
117580123	Drosophila guanche
117580781	Drosophila guanche
117585826	Drosophila guanche
117587281	Drosophila guanche
117587282	Drosophila guanche
117587283	Drosophila guanche
117587284	Drosophila guanche
117587285	Drosophila guanche
117587286	Drosophila guanche
117587287	Drosophila guanche
117587288	Drosophila guanche
117587289	Drosophila guanche
117589246	Drosophila guanche
117589811	Drosophila guanche
117592301	Drosophila guanche
117592318	Drosophila guanche
128253733	Drosophila gunungcola
128254015	Drosophila gunungcola
128254153	Drosophila gunungcola
128254326	Drosophila gunungcola
128254327	Drosophila gunungcola
128255566	Drosophila gunungcola
128256250	Drosophila gunungcola
128256252	Drosophila gunungcola
128259422	Drosophila gunungcola
128259423	Drosophila gunungcola
128259426	Drosophila gunungcola
128259427	Drosophila gunungcola
128259428	Drosophila gunungcola
128259429	Drosophila gunungcola
128259430	Drosophila gunungcola
128264091	Drosophila gunungcola
128265013	Drosophila gunungcola
111593612	Drosophila hydei
111593971	Drosophila hydei
111594000	Drosophila hydei
111594097	Drosophila hydei
111595585	Drosophila hydei
111596890	Drosophila hydei
111596891	Drosophila hydei
111596893	Drosophila hydei
111596894	Drosophila hydei
111597463	Drosophila hydei
111598020	Drosophila hydei
111598207	Drosophila hydei
111601208	Drosophila hydei
111601678	Drosophila hydei
111602119	Drosophila hydei
111602120	Drosophila hydei
115482986	Drosophila hydei
115482988	Drosophila hydei
115482989	Drosophila hydei
115482990	Drosophila hydei
115482998	Drosophila hydei
115482999	Drosophila hydei
115483000	Drosophila hydei
117783749	Drosophila innubila
117784661	Drosophila innubila
117784662	Drosophila innubila
117784702	Drosophila innubila
117784703	Drosophila innubila
117784704	Drosophila innubila
117785204	Drosophila innubila
117785657	Drosophila innubila
117787620	Drosophila innubila
117787621	Drosophila innubila
117787622	Drosophila innubila
117787623	Drosophila innubila
117787624	Drosophila innubila
117787625	Drosophila innubila
117787626	Drosophila innubila
117793615	Drosophila innubila
108070823	Drosophila kikkawai
108071477	Drosophila kikkawai
108071489	Drosophila kikkawai
108071491	Drosophila kikkawai
108071509	Drosophila kikkawai
108071510	Drosophila kikkawai
108071512	Drosophila kikkawai
108071513	Drosophila kikkawai
108071514	Drosophila kikkawai
108071515	Drosophila kikkawai
108071516	Drosophila kikkawai
108076072	Drosophila kikkawai
108076169	Drosophila kikkawai
108076170	Drosophila kikkawai
108076222	Drosophila kikkawai
108076284	Drosophila kikkawai
108076708	Drosophila kikkawai
108076709	Drosophila kikkawai
108082382	Drosophila kikkawai
108085532	Drosophila kikkawai
121502270	Drosophila kikkawai
121502271	Drosophila kikkawai
121502630	Drosophila kikkawai
121502631	Drosophila kikkawai
121502632	Drosophila kikkawai
121502635	Drosophila kikkawai
121502636	Drosophila kikkawai
121502637	Drosophila kikkawai
121502638	Drosophila kikkawai
121502639	Drosophila kikkawai
117136919	Drosophila mauritiana
117136920	Drosophila mauritiana
117136921	Drosophila mauritiana
117137633	Drosophila mauritiana
117137636	Drosophila mauritiana
117137906	Drosophila mauritiana
117138252	Drosophila mauritiana
117138663	Drosophila mauritiana
117139197	Drosophila mauritiana
117139198	Drosophila mauritiana
117139199	Drosophila mauritiana
117139201	Drosophila mauritiana
117139202	Drosophila mauritiana
117139203	Drosophila mauritiana
117139751	Drosophila mauritiana
117146916	Drosophila mauritiana
38125	Drosophila melanogaster
26067588	Drosophila melanogaster
38127	Drosophila melanogaster
38128	Drosophila melanogaster
38129	Drosophila melanogaster
38130	Drosophila melanogaster
38122	Drosophila melanogaster
108152465	Drosophila miranda
108152467	Drosophila miranda
108152468	Drosophila miranda
108152469	Drosophila miranda
108152470	Drosophila miranda
108152471	Drosophila miranda
108152472	Drosophila miranda
108152473	Drosophila miranda
108152474	Drosophila miranda
108152475	Drosophila miranda
108152476	Drosophila miranda
108158249	Drosophila miranda
108158428	Drosophila miranda
108158845	Drosophila miranda
108158847	Drosophila miranda
108159430	Drosophila miranda
108160745	Drosophila miranda
108160746	Drosophila miranda
108164900	Drosophila miranda
117186204	Drosophila miranda
117187948	Drosophila miranda
117188407	Drosophila miranda
117189620	Drosophila miranda
117190094	Drosophila miranda
117191444	Drosophila miranda
117191445	Drosophila miranda
117193269	Drosophila miranda
117193272	Drosophila miranda
116804176	Drosophila mojavensis
122756707	Drosophila mojavensis
122757684	Drosophila mojavensis
26528463	Drosophila mojavensis
6578378	Drosophila mojavensis
6578379	Drosophila mojavensis
6580420	Drosophila mojavensis
6580817	Drosophila mojavensis
6580818	Drosophila mojavensis
6580819	Drosophila mojavensis
6584525	Drosophila mojavensis
6586443	Drosophila mojavensis
6586444	Drosophila mojavensis
6586445	Drosophila mojavensis
6586446	Drosophila mojavensis
6586447	Drosophila mojavensis
6586448	Drosophila mojavensis
6586450	Drosophila mojavensis
6586451	Drosophila mojavensis
135426638	Drosophila montana
135426639	Drosophila montana
135426663	Drosophila montana
135426666	Drosophila montana
135426667	Drosophila montana
135426715	Drosophila montana
135427418	Drosophila montana
135430739	Drosophila montana
135430740	Drosophila montana
135430741	Drosophila montana
135430742	Drosophila montana
135430743	Drosophila montana
135430775	Drosophila montana
135430777	Drosophila montana
135434372	Drosophila montana
135434377	Drosophila montana
135435744	Drosophila montana
132790242	Drosophila nasuta
132790243	Drosophila nasuta
132790244	Drosophila nasuta
132790581	Drosophila nasuta
132790975	Drosophila nasuta
132790992	Drosophila nasuta
132791593	Drosophila nasuta
132792936	Drosophila nasuta
132793657	Drosophila nasuta
132793659	Drosophila nasuta
132794251	Drosophila nasuta
132794431	Drosophila nasuta
132794464	Drosophila nasuta
132794465	Drosophila nasuta
132794466	Drosophila nasuta
132794467	Drosophila nasuta
132794468	Drosophila nasuta
132794469	Drosophila nasuta
132794470	Drosophila nasuta
132794471	Drosophila nasuta
132794472	Drosophila nasuta
132795249	Drosophila nasuta
108650073	Drosophila navojoa
108651345	Drosophila navojoa
108651346	Drosophila navojoa
108651347	Drosophila navojoa
108651348	Drosophila navojoa
108653410	Drosophila navojoa
108653444	Drosophila navojoa
108653446	Drosophila navojoa
108653875	Drosophila navojoa
108653876	Drosophila navojoa
108653877	Drosophila navojoa
108653878	Drosophila navojoa
108654162	Drosophila navojoa
108657769	Drosophila navojoa
115563224	Drosophila navojoa
115563225	Drosophila navojoa
115565141	Drosophila navojoa
115757997	Drosophila novamexicana
115762220	Drosophila novamexicana
115762222	Drosophila novamexicana
115762571	Drosophila novamexicana
115762572	Drosophila novamexicana
115762574	Drosophila novamexicana
115762575	Drosophila novamexicana
115762576	Drosophila novamexicana
115762577	Drosophila novamexicana
115762578	Drosophila novamexicana
115764468	Drosophila novamexicana
115764469	Drosophila novamexicana
115764495	Drosophila novamexicana
115764521	Drosophila novamexicana
115764522	Drosophila novamexicana
115764574	Drosophila novamexicana
115771334	Drosophila novamexicana
111069399	Drosophila obscura
111074837	Drosophila obscura
111075570	Drosophila obscura
111076943	Drosophila obscura
111076944	Drosophila obscura
111076946	Drosophila obscura
111076947	Drosophila obscura
111076948	Drosophila obscura
111076949	Drosophila obscura
111076951	Drosophila obscura
111076952	Drosophila obscura
111076953	Drosophila obscura
111077294	Drosophila obscura
111077973	Drosophila obscura
111077975	Drosophila obscura
111079379	Drosophila obscura
111079380	Drosophila obscura
111079381	Drosophila obscura
111079388	Drosophila obscura
113565054	Drosophila persimilis
113566793	Drosophila persimilis
113566794	Drosophila persimilis
113566795	Drosophila persimilis
113566796	Drosophila persimilis
113566797	Drosophila persimilis
6590348	Drosophila persimilis
6590656	Drosophila persimilis
6590657	Drosophila persimilis
6590658	Drosophila persimilis
6592482	Drosophila persimilis
6593244	Drosophila persimilis
6597746	Drosophila persimilis
6601030	Drosophila persimilis
6601031	Drosophila persimilis
6601032	Drosophila persimilis
6601060	Drosophila persimilis
6601061	Drosophila persimilis
6601062	Drosophila persimilis
6604616	Drosophila persimilis
4804176	Drosophila pseudoobscura
4804177	Drosophila pseudoobscura
4804178	Drosophila pseudoobscura
4804179	Drosophila pseudoobscura
4804422	Drosophila pseudoobscura
4804646	Drosophila pseudoobscura
4812049	Drosophila pseudoobscura
4815571	Drosophila pseudoobscura
6898486	Drosophila pseudoobscura
6899946	Drosophila pseudoobscura
6899947	Drosophila pseudoobscura
6899948	Drosophila pseudoobscura
6899949	Drosophila pseudoobscura
6899950	Drosophila pseudoobscura
6899951	Drosophila pseudoobscura
6899952	Drosophila pseudoobscura
6899953	Drosophila pseudoobscura
6899954	Drosophila pseudoobscura
6899955	Drosophila pseudoobscura
6899956	Drosophila pseudoobscura
108037623	Drosophila rhopaloa
108037649	Drosophila rhopaloa
108037651	Drosophila rhopaloa
108038412	Drosophila rhopaloa
108039452	Drosophila rhopaloa
108039651	Drosophila rhopaloa
108040359	Drosophila rhopaloa
108046967	Drosophila rhopaloa
108048126	Drosophila rhopaloa
108048127	Drosophila rhopaloa
108048128	Drosophila rhopaloa
108048129	Drosophila rhopaloa
108048132	Drosophila rhopaloa
108048133	Drosophila rhopaloa
108048134	Drosophila rhopaloa
108049334	Drosophila rhopaloa
108051068	Drosophila rhopaloa
108051181	Drosophila rhopaloa
108051274	Drosophila rhopaloa
108051275	Drosophila rhopaloa
108051284	Drosophila rhopaloa
108051739	Drosophila rhopaloa
120444416	Drosophila santomea
120444421	Drosophila santomea
120445189	Drosophila santomea
120445477	Drosophila santomea
120445855	Drosophila santomea
120445856	Drosophila santomea
120445857	Drosophila santomea
120446859	Drosophila santomea
120447057	Drosophila santomea
120449726	Drosophila santomea
120449728	Drosophila santomea
120449729	Drosophila santomea
120449730	Drosophila santomea
120449731	Drosophila santomea
120449732	Drosophila santomea
120449733	Drosophila santomea
120449734	Drosophila santomea
120456489	Drosophila santomea
116800614	Drosophila sechellia
116801300	Drosophila sechellia
6609401	Drosophila sechellia
6609509	Drosophila sechellia
6609510	Drosophila sechellia
6609512	Drosophila sechellia
6609513	Drosophila sechellia
6610109	Drosophila sechellia
6610110	Drosophila sechellia
6610269	Drosophila sechellia
6610274	Drosophila sechellia
6610275	Drosophila sechellia
6610276	Drosophila sechellia
6610278	Drosophila sechellia
6612407	Drosophila sechellia
110176354	Drosophila serrata
110177383	Drosophila serrata
110178658	Drosophila serrata
110178662	Drosophila serrata
110178663	Drosophila serrata
110178665	Drosophila serrata
110178666	Drosophila serrata
110178667	Drosophila serrata
110178668	Drosophila serrata
110178669	Drosophila serrata
110182320	Drosophila serrata
110182466	Drosophila serrata
110182908	Drosophila serrata
110182910	Drosophila serrata
110189118	Drosophila serrata
110191535	Drosophila serrata
110191546	Drosophila serrata
110191554	Drosophila serrata
120284703	Drosophila simulans
27206614	Drosophila simulans
27206641	Drosophila simulans
27206789	Drosophila simulans
27207148	Drosophila simulans
27207162	Drosophila simulans
27208084	Drosophila simulans
6734830	Drosophila simulans
6734831	Drosophila simulans
6734832	Drosophila simulans
6734833	Drosophila simulans
6735422	Drosophila simulans
6735423	Drosophila simulans
6736292	Drosophila simulans
6736296	Drosophila simulans
6736297	Drosophila simulans
6739595	Drosophila simulans
117889956	Drosophila subobscura
117889958	Drosophila subobscura
117889959	Drosophila subobscura
117889960	Drosophila subobscura
117890232	Drosophila subobscura
117891151	Drosophila subobscura
117892309	Drosophila subobscura
117892604	Drosophila subobscura
117892605	Drosophila subobscura
117892918	Drosophila subobscura
117892919	Drosophila subobscura
117892920	Drosophila subobscura
117892921	Drosophila subobscura
117892922	Drosophila subobscura
117892923	Drosophila subobscura
117892925	Drosophila subobscura
117892926	Drosophila subobscura
117892927	Drosophila subobscura
119549296	Drosophila subpulchrella
119550157	Drosophila subpulchrella
119550158	Drosophila subpulchrella
119550370	Drosophila subpulchrella
119551975	Drosophila subpulchrella
119551976	Drosophila subpulchrella
119551977	Drosophila subpulchrella
119551978	Drosophila subpulchrella
119552013	Drosophila subpulchrella
119553490	Drosophila subpulchrella
119555408	Drosophila subpulchrella
119555580	Drosophila subpulchrella
119555581	Drosophila subpulchrella
119555582	Drosophila subpulchrella
119555583	Drosophila subpulchrella
119555585	Drosophila subpulchrella
119555586	Drosophila subpulchrella
119557733	Drosophila subpulchrella
119558934	Drosophila subpulchrella
133839905	Drosophila sulfurigaster albostrigata
133839906	Drosophila sulfurigaster albostrigata
133840675	Drosophila sulfurigaster albostrigata
133841953	Drosophila sulfurigaster albostrigata
133841955	Drosophila sulfurigaster albostrigata
133841956	Drosophila sulfurigaster albostrigata
133841957	Drosophila sulfurigaster albostrigata
133841959	Drosophila sulfurigaster albostrigata
133841960	Drosophila sulfurigaster albostrigata
133841961	Drosophila sulfurigaster albostrigata
133841962	Drosophila sulfurigaster albostrigata
133841963	Drosophila sulfurigaster albostrigata
133842092	Drosophila sulfurigaster albostrigata
133842514	Drosophila sulfurigaster albostrigata
133842686	Drosophila sulfurigaster albostrigata
133842687	Drosophila sulfurigaster albostrigata
133842688	Drosophila sulfurigaster albostrigata
133845792	Drosophila sulfurigaster albostrigata
133845892	Drosophila sulfurigaster albostrigata
133845894	Drosophila sulfurigaster albostrigata
133849478	Drosophila sulfurigaster albostrigata
108005236	Drosophila suzukii
108008519	Drosophila suzukii
108008926	Drosophila suzukii
108009565	Drosophila suzukii
108009566	Drosophila suzukii
108009567	Drosophila suzukii
108010000	Drosophila suzukii
108010001	Drosophila suzukii
108012621	Drosophila suzukii
108012689	Drosophila suzukii
108013019	Drosophila suzukii
108013020	Drosophila suzukii
108013021	Drosophila suzukii
108013023	Drosophila suzukii
108015342	Drosophila suzukii
108019733	Drosophila suzukii
118877165	Drosophila suzukii
108013018	Drosophila suzukii
108054647	Drosophila takahashii
108054667	Drosophila takahashii
108054668	Drosophila takahashii
108054669	Drosophila takahashii
108054670	Drosophila takahashii
108054671	Drosophila takahashii
108054672	Drosophila takahashii
108054696	Drosophila takahashii
108054697	Drosophila takahashii
108054946	Drosophila takahashii
108060030	Drosophila takahashii
108060681	Drosophila takahashii
108060682	Drosophila takahashii
108060683	Drosophila takahashii
108060689	Drosophila takahashii
108061546	Drosophila takahashii
108066225	Drosophila takahashii
123003058	Drosophila takahashii
123003073	Drosophila takahashii
122613766	Drosophila teissieri
122613806	Drosophila teissieri
122613807	Drosophila teissieri
122614022	Drosophila teissieri
122614090	Drosophila teissieri
122614131	Drosophila teissieri
122614472	Drosophila teissieri
122615073	Drosophila teissieri
122615080	Drosophila teissieri
122618347	Drosophila teissieri
122618348	Drosophila teissieri
122618349	Drosophila teissieri
122618351	Drosophila teissieri
122618352	Drosophila teissieri
122618353	Drosophila teissieri
122618354	Drosophila teissieri
122618355	Drosophila teissieri
122623792	Drosophila teissieri
137573780	Drosophila tropicalis
137573826	Drosophila tropicalis
137573855	Drosophila tropicalis
137573883	Drosophila tropicalis
137573916	Drosophila tropicalis
137573942	Drosophila tropicalis
137576047	Drosophila tropicalis
137576048	Drosophila tropicalis
137576049	Drosophila tropicalis
137576607	Drosophila tropicalis
137578127	Drosophila tropicalis
137578167	Drosophila tropicalis
137578201	Drosophila tropicalis
137580831	Drosophila tropicalis
137573781	Drosophila tropicalis
116650052	Drosophila virilis
116650060	Drosophila virilis
116650066	Drosophila virilis
116650071	Drosophila virilis
116650757	Drosophila virilis
116650882	Drosophila virilis
116651090	Drosophila virilis
26531446	Drosophila virilis
6622042	Drosophila virilis
6622078	Drosophila virilis
6622522	Drosophila virilis
6622533	Drosophila virilis
6622546	Drosophila virilis
6622550	Drosophila virilis
6622553	Drosophila virilis
6625372	Drosophila virilis
6625373	Drosophila virilis
6625374	Drosophila virilis
6625375	Drosophila virilis
6625377	Drosophila virilis
6625962	Drosophila virilis
6631545	Drosophila virilis
6635837	Drosophila virilis
6635838	Drosophila virilis
124459819	Drosophila willistoni
124461781	Drosophila willistoni
26529473	Drosophila willistoni
26529984	Drosophila willistoni
6638375	Drosophila willistoni
6639980	Drosophila willistoni
6639981	Drosophila willistoni
6639982	Drosophila willistoni
6639983	Drosophila willistoni
6640019	Drosophila willistoni
6640020	Drosophila willistoni
6642736	Drosophila willistoni
6642890	Drosophila willistoni
6642891	Drosophila willistoni
6642892	Drosophila willistoni
6642893	Drosophila willistoni
6642894	Drosophila willistoni
6642895	Drosophila willistoni
6643202	Drosophila willistoni
26534917	Drosophila yakuba
6524147	Drosophila yakuba
6524634	Drosophila yakuba
6530763	Drosophila yakuba
6530764	Drosophila yakuba
6531342	Drosophila yakuba
6531343	Drosophila yakuba
6531344	Drosophila yakuba
6531345	Drosophila yakuba
6531452	Drosophila yakuba
6532315	Drosophila yakuba
6532320	Drosophila yakuba
6532321	Drosophila yakuba
6532322	Drosophila yakuba
6532323	Drosophila yakuba
6532324	Drosophila yakuba
6532325	Drosophila yakuba
107186055	Dufourea novaeangliae
107188552	Dufourea novaeangliae
107188560	Dufourea novaeangliae
129907196	Episyrphus balteatus
129907197	Episyrphus balteatus
129907199	Episyrphus balteatus
129909631	Episyrphus balteatus
129915243	Episyrphus balteatus
129918651	Episyrphus balteatus
129918898	Episyrphus balteatus
108548770	Eufriesea mexicana
108555435	Eufriesea mexicana
129941202	Eupeodes corollae
129941336	Eupeodes corollae
129941337	Eupeodes corollae
129942052	Eupeodes corollae
129942226	Eupeodes corollae
129944827	Eupeodes corollae
129949199	Eupeodes corollae
129949200	Eupeodes corollae
129949201	Eupeodes corollae
137243195	Eurosta solidaginis
137243499	Eurosta solidaginis
137243500	Eurosta solidaginis
137243502	Eurosta solidaginis
137243503	Eurosta solidaginis
137243504	Eurosta solidaginis
137243505	Eurosta solidaginis
137243506	Eurosta solidaginis
137243507	Eurosta solidaginis
137243508	Eurosta solidaginis
137243510	Eurosta solidaginis
137243511	Eurosta solidaginis
137243512	Eurosta solidaginis
137245109	Eurosta solidaginis
137246409	Eurosta solidaginis
137246980	Eurosta solidaginis
136341006	Euwallacea fornicatus
136348060	Euwallacea fornicatus
136350941	Euwallacea fornicatus
136410120	Euwallacea similis
136412246	Euwallacea similis
136416224	Euwallacea similis
136417775	Euwallacea similis
105270429	Fopius arisanus
105272838	Fopius arisanus
115233307	Formica exsecta
115235634	Formica exsecta
115235635	Formica exsecta
115240110	Formica exsecta
113202836	Frankliniella occidentalis
113204209	Frankliniella occidentalis
113206644	Frankliniella occidentalis
113210755	Frankliniella occidentalis
113212732	Frankliniella occidentalis
113215606	Frankliniella occidentalis
122535206	Frieseomelitta varia
122538442	Frieseomelitta varia
113509431	Galleria mellonella
113510919	Galleria mellonella
113515290	Galleria mellonella
113515882	Galleria mellonella
113518282	Galleria mellonella
113520951	Galleria mellonella
128200742	Galleria mellonella
128201864	Galleria mellonella
128201901	Galleria mellonella
119636106	Glossina fuscipes
119636107	Glossina fuscipes
119636946	Glossina fuscipes
119636948	Glossina fuscipes
119643643	Glossina fuscipes
119645366	Glossina fuscipes
108571441	Habropoda laboriosa
108571783	Habropoda laboriosa
106677194	Halyomorpha halys
106678741	Halyomorpha halys
106685360	Halyomorpha halys
106689783	Halyomorpha halys
106689784	Halyomorpha halys
106689785	Halyomorpha halys
136796876	Halyomorpha halys
123675325	Harmonia axyridis
123675333	Harmonia axyridis
123680134	Harmonia axyridis
123681619	Harmonia axyridis
123681623	Harmonia axyridis
123681624	Harmonia axyridis
123685014	Harmonia axyridis
105191507	Harpegnathos saltator
105191919	Harpegnathos saltator
110373340	Helicoverpa armigera
110373355	Helicoverpa armigera
110380029	Helicoverpa armigera
110380522	Helicoverpa armigera
110380529	Helicoverpa armigera
110381434	Helicoverpa armigera
110381721	Helicoverpa armigera
124629930	Helicoverpa zea
124629953	Helicoverpa zea
124632402	Helicoverpa zea
124634637	Helicoverpa zea
124639024	Helicoverpa zea
124639076	Helicoverpa zea
124639185	Helicoverpa zea
124642356	Helicoverpa zea
119650451	Hermetia illucens
119654068	Hermetia illucens
119654069	Hermetia illucens
119654070	Hermetia illucens
119654071	Hermetia illucens
119654072	Hermetia illucens
119654074	Hermetia illucens
119654075	Hermetia illucens
119654076	Hermetia illucens
119654077	Hermetia illucens
119654078	Hermetia illucens
119654079	Hermetia illucens
119654080	Hermetia illucens
119654081	Hermetia illucens
119654082	Hermetia illucens
119654083	Hermetia illucens
119654084	Hermetia illucens
119654085	Hermetia illucens
119654086	Hermetia illucens
119654087	Hermetia illucens
119654088	Hermetia illucens
119654089	Hermetia illucens
119654090	Hermetia illucens
119654092	Hermetia illucens
119654093	Hermetia illucens
119654094	Hermetia illucens
119654095	Hermetia illucens
119654410	Hermetia illucens
119654411	Hermetia illucens
119654544	Hermetia illucens
119654569	Hermetia illucens
119654625	Hermetia illucens
119654650	Hermetia illucens
119654678	Hermetia illucens
119654694	Hermetia illucens
119654713	Hermetia illucens
119654730	Hermetia illucens
119654762	Hermetia illucens
119654763	Hermetia illucens
119654865	Hermetia illucens
119654918	Hermetia illucens
119655009	Hermetia illucens
119655010	Hermetia illucens
119655011	Hermetia illucens
119655024	Hermetia illucens
119655160	Hermetia illucens
119655165	Hermetia illucens
119655167	Hermetia illucens
119655516	Hermetia illucens
119655895	Hermetia illucens
119656289	Hermetia illucens
124362889	Homalodisca vitripennis
124363246	Homalodisca vitripennis
124363306	Homalodisca vitripennis
124363928	Homalodisca vitripennis
124373719	Homalodisca vitripennis
124373838	Homalodisca vitripennis
128891903	Hylaeus anthracinus
128893386	Hylaeus anthracinus
128893388	Hylaeus anthracinus
128893391	Hylaeus anthracinus
128893392	Hylaeus anthracinus
128896500	Hylaeus anthracinus
128878358	Hylaeus volcanicus
128878359	Hylaeus volcanicus
128880717	Hylaeus volcanicus
113227495	Hyposmocoma kahamanoa
113229241	Hyposmocoma kahamanoa
113231236	Hyposmocoma kahamanoa
113231237	Hyposmocoma kahamanoa
113231393	Hyposmocoma kahamanoa
113231503	Hyposmocoma kahamanoa
124155559	Ischnura elegans
124162146	Ischnura elegans
124171418	Ischnura elegans
124171576	Ischnura elegans
125226131	Leguminivora glycinivorella
125229343	Leguminivora glycinivorella
125231042	Leguminivora glycinivorella
125231045	Leguminivora glycinivorella
125231085	Leguminivora glycinivorella
125231221	Leguminivora glycinivorella
125231967	Leguminivora glycinivorella
125234672	Leguminivora glycinivorella
125242220	Leguminivora glycinivorella
126966023	Leptidea sinapis
126966034	Leptidea sinapis
126967877	Leptidea sinapis
126967878	Leptidea sinapis
126967879	Leptidea sinapis
126968040	Leptidea sinapis
111504439	Leptinotarsa decemlineata
111515531	Leptinotarsa decemlineata
111516197	Leptinotarsa decemlineata
111516837	Leptinotarsa decemlineata
127276709	Leptopilina boulardi
127281448	Leptopilina boulardi
127281484	Leptopilina boulardi
122505705	Leptopilina heterotoma
122505721	Leptopilina heterotoma
122511628	Leptopilina heterotoma
105675412	Linepithema humile
105679991	Linepithema humile
111677351	Lucilia cuprina
111677352	Lucilia cuprina
111677354	Lucilia cuprina
111678301	Lucilia cuprina
111678302	Lucilia cuprina
111678303	Lucilia cuprina
111678304	Lucilia cuprina
111678305	Lucilia cuprina
111679602	Lucilia cuprina
111679603	Lucilia cuprina
111686439	Lucilia cuprina
111686440	Lucilia cuprina
111686441	Lucilia cuprina
111686442	Lucilia cuprina
111686443	Lucilia cuprina
111689823	Lucilia cuprina
111690414	Lucilia cuprina
124420905	Lucilia cuprina
124420988	Lucilia cuprina
124420989	Lucilia cuprina
124420990	Lucilia cuprina
124420991	Lucilia cuprina
124421049	Lucilia cuprina
119600670	Lucilia sericata
119600671	Lucilia sericata
119600673	Lucilia sericata
119605053	Lucilia sericata
119605054	Lucilia sericata
119605056	Lucilia sericata
119605057	Lucilia sericata
119605058	Lucilia sericata
119605060	Lucilia sericata
119605087	Lucilia sericata
119605088	Lucilia sericata
119605340	Lucilia sericata
119609068	Lucilia sericata
119609071	Lucilia sericata
119609072	Lucilia sericata
119609073	Lucilia sericata
119609074	Lucilia sericata
119609075	Lucilia sericata
119609076	Lucilia sericata
119609078	Lucilia sericata
119609788	Lucilia sericata
129787919	Lutzomyia longipalpis
129787928	Lutzomyia longipalpis
129787933	Lutzomyia longipalpis
129787938	Lutzomyia longipalpis
129793252	Lutzomyia longipalpis
129796254	Lutzomyia longipalpis
128986135	Macrosteles quadrilineatus
128987756	Macrosteles quadrilineatus
128988421	Macrosteles quadrilineatus
128988947	Macrosteles quadrilineatus
128988948	Macrosteles quadrilineatus
128989683	Macrosteles quadrilineatus
128989734	Macrosteles quadrilineatus
128989810	Macrosteles quadrilineatus
128989819	Macrosteles quadrilineatus
128989891	Macrosteles quadrilineatus
128990181	Macrosteles quadrilineatus
128990204	Macrosteles quadrilineatus
128990716	Macrosteles quadrilineatus
128991049	Macrosteles quadrilineatus
128997736	Macrosteles quadrilineatus
129005240	Macrosteles quadrilineatus
129005816	Macrosteles quadrilineatus
131426456	Malaya genurostris
131433710	Malaya genurostris
131433711	Malaya genurostris
131433712	Malaya genurostris
131433713	Malaya genurostris
131436633	Malaya genurostris
131438415	Malaya genurostris
131438416	Malaya genurostris
115441939	Manduca sexta
115443042	Manduca sexta
115443043	Manduca sexta
115443044	Manduca sexta
115443045	Manduca sexta
115448700	Manduca sexta
115448701	Manduca sexta
115449369	Manduca sexta
115449371	Manduca sexta
115453142	Manduca sexta
119190496	Manduca sexta
119191626	Manduca sexta
119193228	Manduca sexta
119193229	Manduca sexta
117983388	Maniola hyperantus
117983713	Maniola hyperantus
117984381	Maniola hyperantus
117984382	Maniola hyperantus
117984383	Maniola hyperantus
117991274	Maniola hyperantus
117991450	Maniola hyperantus
123865035	Maniola jurtina
123865279	Maniola jurtina
123867704	Maniola jurtina
123869305	Maniola jurtina
123869486	Maniola jurtina
123873512	Maniola jurtina
123873513	Maniola jurtina
123874117	Maniola jurtina
100881587	Megachile rotundata
100881681	Megachile rotundata
117223160	Megalopta genalis
112601386	Melanaphis sacchari
112601396	Melanaphis sacchari
112601402	Melanaphis sacchari
123655929	Melitaea cinxia
123660106	Melitaea cinxia
123660117	Melitaea cinxia
123660299	Melitaea cinxia
123664416	Melitaea cinxia
123664544	Melitaea cinxia
132952813	Metopolophium dirhodum
132953084	Metopolophium dirhodum
132953085	Metopolophium dirhodum
103577115	Microplitis demolitor
130668541	Microplitis mediator
130671628	Microplitis mediator
130671717	Microplitis mediator
105829102	Monomorium pharaonis
105829111	Monomorium pharaonis
105835403	Monomorium pharaonis
105838826	Monomorium pharaonis
105839214	Monomorium pharaonis
101888240	Musca domestica
101888410	Musca domestica
101888577	Musca domestica
101888599	Musca domestica
101888753	Musca domestica
101888775	Musca domestica
101889048	Musca domestica
101889226	Musca domestica
101892140	Musca domestica
101892478	Musca domestica
101892833	Musca domestica
101892974	Musca domestica
101893082	Musca domestica
101893151	Musca domestica
101893425	Musca domestica
101893428	Musca domestica
101894169	Musca domestica
101894601	Musca domestica
101894859	Musca domestica
101895951	Musca domestica
101897516	Musca domestica
101899548	Musca domestica
101899931	Musca domestica
101900617	Musca domestica
101901759	Musca domestica
105261500	Musca domestica
105261501	Musca domestica
105261502	Musca domestica
105262555	Musca domestica
131800365	Musca domestica
131804035	Musca domestica
131804556	Musca domestica
131804558	Musca domestica
131804559	Musca domestica
131804560	Musca domestica
131804561	Musca domestica
131804562	Musca domestica
131804563	Musca domestica
131804565	Musca domestica
131804566	Musca domestica
131804567	Musca domestica
131804568	Musca domestica
131805530	Musca domestica
101893594	Musca domestica
133323350	Musca vetustissima
133326855	Musca vetustissima
133326878	Musca vetustissima
133326880	Musca vetustissima
133326903	Musca vetustissima
133327282	Musca vetustissima
133328557	Musca vetustissima
133328558	Musca vetustissima
133328559	Musca vetustissima
133328560	Musca vetustissima
133328561	Musca vetustissima
133328562	Musca vetustissima
133328563	Musca vetustissima
133328565	Musca vetustissima
133328594	Musca vetustissima
133328595	Musca vetustissima
133328596	Musca vetustissima
133329849	Musca vetustissima
133332085	Musca vetustissima
133332762	Musca vetustissima
133334409	Musca vetustissima
133336157	Musca vetustissima
133336159	Musca vetustissima
133336160	Musca vetustissima
133336166	Musca vetustissima
133336277	Musca vetustissima
133336287	Musca vetustissima
133336288	Musca vetustissima
133338455	Musca vetustissima
111031037	Myzus persicae
111032182	Myzus persicae
111032192	Myzus persicae
111032196	Myzus persicae
100114015	Nasonia vitripennis
100116298	Nasonia vitripennis
100680396	Nasonia vitripennis
132196885	Neocloeon triangulifer
132196886	Neocloeon triangulifer
132200523	Neocloeon triangulifer
132205342	Neocloeon triangulifer
124178247	Neodiprion fabricii
124184332	Neodiprion fabricii
124185060	Neodiprion fabricii
124185484	Neodiprion fabricii
107218605	Neodiprion lecontei
107219990	Neodiprion lecontei
107220799	Neodiprion lecontei
107223063	Neodiprion lecontei
107226210	Neodiprion lecontei
124215518	Neodiprion pinetum
124216148	Neodiprion pinetum
124222444	Neodiprion pinetum
124223998	Neodiprion pinetum
124297719	Neodiprion virginianus
124303090	Neodiprion virginianus
124307928	Neodiprion virginianus
124308137	Neodiprion virginianus
124309069	Neodiprion virginianus
108556734	Nicrophorus vespilloides
108556736	Nicrophorus vespilloides
108558293	Nicrophorus vespilloides
108559252	Nicrophorus vespilloides
108560091	Nicrophorus vespilloides
108562181	Nicrophorus vespilloides
108562525	Nicrophorus vespilloides
108563890	Nicrophorus vespilloides
108564332	Nicrophorus vespilloides
108564564	Nicrophorus vespilloides
108566479	Nicrophorus vespilloides
108567127	Nicrophorus vespilloides
111044598	Nilaparvata lugens
111044603	Nilaparvata lugens
111044609	Nilaparvata lugens
111047495	Nilaparvata lugens
111047944	Nilaparvata lugens
111048428	Nilaparvata lugens
111048429	Nilaparvata lugens
111063947	Nilaparvata lugens
111064126	Nilaparvata lugens
120349298	Nilaparvata lugens
120349415	Nilaparvata lugens
120355090	Nilaparvata lugens
116424909	Nomia melanderi
116424910	Nomia melanderi
116432041	Nomia melanderi
114935242	Nylanderia fulva
114945990	Nylanderia fulva
126771027	Nymphalis io
126771691	Nymphalis io
126771692	Nymphalis io
126771693	Nymphalis io
126777703	Nymphalis io
126777711	Nymphalis io
135703391	Ochlerotatus camptorhynchus
135705051	Ochlerotatus camptorhynchus
135705052	Ochlerotatus camptorhynchus
135705128	Ochlerotatus camptorhynchus
135712829	Ochlerotatus camptorhynchus
116846139	Odontomachus brunneus
116846508	Odontomachus brunneus
111426138	Onthophagus taurus
111428682	Onthophagus taurus
111429288	Onthophagus taurus
105285243	Ooceraea biroi
105285451	Ooceraea biroi
113562164	Ooceraea biroi
113562776	Ooceraea biroi
105694227	Orussus abietinus
105698653	Orussus abietinus
114872732	Osmia bicornis bicornis
114879292	Osmia bicornis bicornis
117603571	Osmia lignaria
117605434	Osmia lignaria
114350350	Ostrinia furnacalis
114351675	Ostrinia furnacalis
114351770	Ostrinia furnacalis
114353595	Ostrinia furnacalis
114353601	Ostrinia furnacalis
114357058	Ostrinia furnacalis
114359227	Ostrinia furnacalis
135072682	Ostrinia nubilalis
135072980	Ostrinia nubilalis
135076517	Ostrinia nubilalis
135078771	Ostrinia nubilalis
135078772	Ostrinia nubilalis
135083248	Ostrinia nubilalis
135083493	Ostrinia nubilalis
106707466	Papilio machaon
106710236	Papilio machaon
106710245	Papilio machaon
106710993	Papilio machaon
106711008	Papilio machaon
106713202	Papilio machaon
106719447	Papilio machaon
106719451	Papilio machaon
123721149	Papilio machaon
123722428	Papilio machaon
106103194	Papilio polytes
106103195	Papilio polytes
106103240	Papilio polytes
106103241	Papilio polytes
106105117	Papilio polytes
106105247	Papilio polytes
106105260	Papilio polytes
106111559	Papilio polytes
106111564	Papilio polytes
106111565	Papilio polytes
106111570	Papilio polytes
106111656	Papilio polytes
106117059	Papilio xuthus
106118594	Papilio xuthus
106118642	Papilio xuthus
106118643	Papilio xuthus
106126588	Papilio xuthus
106127109	Papilio xuthus
106127118	Papilio xuthus
106127842	Papilio xuthus
120623319	Pararge aegeria
120625960	Pararge aegeria
120627640	Pararge aegeria
120630956	Pararge aegeria
120631154	Pararge aegeria
126368503	Pectinophora gossypiella
126368509	Pectinophora gossypiella
126368510	Pectinophora gossypiella
126370488	Pectinophora gossypiella
126373893	Pectinophora gossypiella
126373894	Pectinophora gossypiella
126373896	Pectinophora gossypiella
126377605	Pectinophora gossypiella
126377616	Pectinophora gossypiella
8234767	Pediculus humanus corporis
138694083	Periplaneta americana
138694099	Periplaneta americana
138695623	Periplaneta americana
138699683	Periplaneta americana
138699685	Periplaneta americana
138701513	Periplaneta americana
138701516	Periplaneta americana
138701518	Periplaneta americana
138713911	Periplaneta americana
138713912	Periplaneta americana
138715414	Periplaneta americana
132256726	Phlebotomus argentipes
132264640	Phlebotomus argentipes
132264967	Phlebotomus argentipes
132265631	Phlebotomus argentipes
129800839	Phlebotomus papatasi
129809733	Phlebotomus papatasi
129809734	Phlebotomus papatasi
116159490	Photinus pyralis
116171057	Photinus pyralis
116177652	Photinus pyralis
116179049	Photinus pyralis
116179369	Photinus pyralis
116180540	Photinus pyralis
116182154	Photinus pyralis
131667824	Phymastichus coffea
123708353	Pieris brassicae
123708889	Pieris brassicae
123710606	Pieris brassicae
123711408	Pieris brassicae
123713210	Pieris brassicae
123713542	Pieris brassicae
123713692	Pieris brassicae
125051002	Pieris napi
125051197	Pieris napi
125053110	Pieris napi
125053349	Pieris napi
125060808	Pieris napi
125060867	Pieris napi
125060875	Pieris napi
110995149	Pieris rapae
110995151	Pieris rapae
110995467	Pieris rapae
110995476	Pieris rapae
110996133	Pieris rapae
110999265	Pieris rapae
110999269	Pieris rapae
135834005	Planococcus citri
135844696	Planococcus citri
135845340	Planococcus citri
135845852	Planococcus citri
128672472	Plodia interpunctella
128675222	Plodia interpunctella
128675223	Plodia interpunctella
128675564	Plodia interpunctella
128676417	Plodia interpunctella
128680730	Plodia interpunctella
128680878	Plodia interpunctella
105381977	Plutella xylostella
105382813	Plutella xylostella
105397605	Plutella xylostella
119692040	Plutella xylostella
105422366	Pogonomyrmex barbatus
105427942	Pogonomyrmex barbatus
105428317	Pogonomyrmex barbatus
106785508	Polistes canadensis
106790743	Polistes canadensis
106793090	Polistes canadensis
107066431	Polistes dominula
107071623	Polistes dominula
122516949	Polistes fuscatus
122517884	Polistes fuscatus
122523200	Polistes fuscatus
136773418	Prorops nasuta
136774025	Prorops nasuta
136781289	Prorops nasuta
109851659	Pseudomyrmex gracilis
109855712	Pseudomyrmex gracilis
109858113	Pseudomyrmex gracilis
118733652	Rhagoletis pomonella
118742596	Rhagoletis pomonella
118742598	Rhagoletis pomonella
118744591	Rhagoletis pomonella
118745018	Rhagoletis pomonella
118745167	Rhagoletis pomonella
118745168	Rhagoletis pomonella
118745293	Rhagoletis pomonella
118751890	Rhagoletis pomonella
118751910	Rhagoletis pomonella
108356925	Rhagoletis zephyria
108359848	Rhagoletis zephyria
108361804	Rhagoletis zephyria
108364079	Rhagoletis zephyria
108364081	Rhagoletis zephyria
108364889	Rhagoletis zephyria
108367686	Rhagoletis zephyria
108367687	Rhagoletis zephyria
108367911	Rhagoletis zephyria
108379287	Rhagoletis zephyria
108381493	Rhagoletis zephyria
108383113	Rhagoletis zephyria
113551666	Rhopalosiphum maidis
113554061	Rhopalosiphum maidis
132922028	Rhopalosiphum padi
132922830	Rhopalosiphum padi
128734313	Sabethes cyaneus
128734621	Sabethes cyaneus
128738328	Sabethes cyaneus
128738634	Sabethes cyaneus
128738635	Sabethes cyaneus
128741856	Sabethes cyaneus
128743177	Sabethes cyaneus
115620004	Scaptodrosophila lebanonensis
115620005	Scaptodrosophila lebanonensis
115623680	Scaptodrosophila lebanonensis
115624799	Scaptodrosophila lebanonensis
115624800	Scaptodrosophila lebanonensis
115624801	Scaptodrosophila lebanonensis
115624802	Scaptodrosophila lebanonensis
115624804	Scaptodrosophila lebanonensis
115624805	Scaptodrosophila lebanonensis
115624806	Scaptodrosophila lebanonensis
115624807	Scaptodrosophila lebanonensis
115624808	Scaptodrosophila lebanonensis
115624809	Scaptodrosophila lebanonensis
115624810	Scaptodrosophila lebanonensis
115624811	Scaptodrosophila lebanonensis
115624812	Scaptodrosophila lebanonensis
115627367	Scaptodrosophila lebanonensis
115628762	Scaptodrosophila lebanonensis
115629814	Scaptodrosophila lebanonensis
115630118	Scaptodrosophila lebanonensis
115630240	Scaptodrosophila lebanonensis
115630251	Scaptodrosophila lebanonensis
115634076	Scaptodrosophila lebanonensis
115634199	Scaptodrosophila lebanonensis
115634476	Scaptodrosophila lebanonensis
115634544	Scaptodrosophila lebanonensis
124544864	Schistocerca americana
124550759	Schistocerca americana
124595306	Schistocerca americana
124595491	Schistocerca americana
124595564	Schistocerca americana
124596044	Schistocerca americana
124596101	Schistocerca americana
124606201	Schistocerca americana
124606980	Schistocerca americana
124613206	Schistocerca americana
124613207	Schistocerca americana
124613997	Schistocerca americana
124615679	Schistocerca americana
124615680	Schistocerca americana
124615871	Schistocerca americana
124616107	Schistocerca americana
124616595	Schistocerca americana
126144816	Schistocerca cancellata
126145105	Schistocerca cancellata
126146949	Schistocerca cancellata
126154491	Schistocerca cancellata
126161428	Schistocerca cancellata
126162172	Schistocerca cancellata
126162173	Schistocerca cancellata
126174888	Schistocerca cancellata
126188577	Schistocerca cancellata
126191302	Schistocerca cancellata
126191303	Schistocerca cancellata
126191304	Schistocerca cancellata
126191331	Schistocerca cancellata
126271975	Schistocerca gregaria
126272361	Schistocerca gregaria
126272362	Schistocerca gregaria
126272364	Schistocerca gregaria
126277383	Schistocerca gregaria
126313282	Schistocerca gregaria
126322854	Schistocerca gregaria
126322960	Schistocerca gregaria
126322976	Schistocerca gregaria
126336373	Schistocerca gregaria
126336684	Schistocerca gregaria
126336763	Schistocerca gregaria
126354869	Schistocerca gregaria
126234577	Schistocerca nitens
126234698	Schistocerca nitens
126236866	Schistocerca nitens
126236867	Schistocerca nitens
126237263	Schistocerca nitens
126237451	Schistocerca nitens
126259642	Schistocerca nitens
126262429	Schistocerca nitens
126262430	Schistocerca nitens
126262737	Schistocerca nitens
126262920	Schistocerca nitens
126262979	Schistocerca nitens
124711583	Schistocerca piceifrons
124776864	Schistocerca piceifrons
124777125	Schistocerca piceifrons
124777216	Schistocerca piceifrons
124777304	Schistocerca piceifrons
124777409	Schistocerca piceifrons
124777622	Schistocerca piceifrons
124788771	Schistocerca piceifrons
124788976	Schistocerca piceifrons
124789937	Schistocerca piceifrons
124798441	Schistocerca piceifrons
124798496	Schistocerca piceifrons
124798675	Schistocerca piceifrons
124798760	Schistocerca piceifrons
124799240	Schistocerca piceifrons
126455461	Schistocerca serialis cubense
126455503	Schistocerca serialis cubense
126455528	Schistocerca serialis cubense
126456092	Schistocerca serialis cubense
126457385	Schistocerca serialis cubense
126457391	Schistocerca serialis cubense
126474547	Schistocerca serialis cubense
126481684	Schistocerca serialis cubense
126481685	Schistocerca serialis cubense
126483848	Schistocerca serialis cubense
126483849	Schistocerca serialis cubense
126483862	Schistocerca serialis cubense
126483863	Schistocerca serialis cubense
126484698	Schistocerca serialis cubense
112681133	Sipha flava
129576955	Sitodiplosis mosellana
129577425	Sitodiplosis mosellana
115878997	Sitophilus oryzae
115882935	Sitophilus oryzae
115889788	Sitophilus oryzae
115890992	Sitophilus oryzae
115891647	Sitophilus oryzae
115891696	Sitophilus oryzae
105193657	Solenopsis invicta
105198088	Solenopsis invicta
105199375	Solenopsis invicta
105201017	Solenopsis invicta
118265277	Spodoptera frugiperda
118265509	Spodoptera frugiperda
118270004	Spodoptera frugiperda
118271619	Spodoptera frugiperda
118271940	Spodoptera frugiperda
118279237	Spodoptera frugiperda
118279388	Spodoptera frugiperda
111348452	Spodoptera litura
111348461	Spodoptera litura
111353698	Spodoptera litura
111353973	Spodoptera litura
111354109	Spodoptera litura
111362447	Spodoptera litura
111364585	Spodoptera litura
111364587	Spodoptera litura
106081758	Stomoxys calcitrans
106082278	Stomoxys calcitrans
106090188	Stomoxys calcitrans
106090190	Stomoxys calcitrans
106091206	Stomoxys calcitrans
106091207	Stomoxys calcitrans
106091208	Stomoxys calcitrans
106091210	Stomoxys calcitrans
106091211	Stomoxys calcitrans
106091212	Stomoxys calcitrans
106091213	Stomoxys calcitrans
106091214	Stomoxys calcitrans
106091215	Stomoxys calcitrans
106091216	Stomoxys calcitrans
106092515	Stomoxys calcitrans
106092516	Stomoxys calcitrans
106092517	Stomoxys calcitrans
106092518	Stomoxys calcitrans
106092520	Stomoxys calcitrans
106092521	Stomoxys calcitrans
106095184	Stomoxys calcitrans
106095195	Stomoxys calcitrans
106095302	Stomoxys calcitrans
131997595	Stomoxys calcitrans
131997596	Stomoxys calcitrans
131998155	Stomoxys calcitrans
131998156	Stomoxys calcitrans
131998157	Stomoxys calcitrans
119667698	Teleopsis dalmanni
119671176	Teleopsis dalmanni
119674532	Teleopsis dalmanni
119674533	Teleopsis dalmanni
119680980	Teleopsis dalmanni
119681440	Teleopsis dalmanni
119681530	Teleopsis dalmanni
119681764	Teleopsis dalmanni
119681777	Teleopsis dalmanni
119682256	Teleopsis dalmanni
119683151	Teleopsis dalmanni
119683152	Teleopsis dalmanni
119683154	Teleopsis dalmanni
119683155	Teleopsis dalmanni
119683156	Teleopsis dalmanni
119684200	Teleopsis dalmanni
119684201	Teleopsis dalmanni
119684407	Teleopsis dalmanni
119684635	Teleopsis dalmanni
112459545	Temnothorax curvispinosus
112462062	Temnothorax curvispinosus
112462070	Temnothorax curvispinosus
112462071	Temnothorax curvispinosus
138123846	Tenebrio molitor
138125965	Tenebrio molitor
138138272	Tenebrio molitor
138138273	Tenebrio molitor
138138710	Tenebrio molitor
138139015	Tenebrio molitor
117639317	Thrips palmi
117642053	Thrips palmi
117644344	Thrips palmi
117644905	Thrips palmi
117647282	Thrips palmi
117647284	Thrips palmi
117653612	Thrips palmi
117653613	Thrips palmi
117653765	Thrips palmi
117653766	Thrips palmi
131682190	Topomyia yanbarensis
131691469	Topomyia yanbarensis
131692940	Topomyia yanbarensis
131692941	Topomyia yanbarensis
131693425	Topomyia yanbarensis
131693426	Topomyia yanbarensis
131693427	Topomyia yanbarensis
131693428	Topomyia yanbarensis
129761624	Toxorhynchites rutilus septentrionalis
129764509	Toxorhynchites rutilus septentrionalis
129764510	Toxorhynchites rutilus septentrionalis
129764543	Toxorhynchites rutilus septentrionalis
129765437	Toxorhynchites rutilus septentrionalis
129765438	Toxorhynchites rutilus septentrionalis
129779264	Toxorhynchites rutilus septentrionalis
108757409	Trachymyrmex cornetzi
108764713	Trachymyrmex cornetzi
108770840	Trachymyrmex cornetzi
108753870	Trachymyrmex septentrionalis
108753878	Trachymyrmex septentrionalis
108753880	Trachymyrmex septentrionalis
108731040	Trachymyrmex zeteki
108731041	Trachymyrmex zeteki
108731049	Trachymyrmex zeteki
100142316	Tribolium castaneum
107398423	Tribolium castaneum
655901	Tribolium castaneum
662685	Tribolium castaneum
658610	Tribolium castaneum
123003934	Tribolium madens
123007406	Tribolium madens
123011920	Tribolium madens
106648902	Trichogramma pretiosum
106649208	Trichogramma pretiosum
106649226	Trichogramma pretiosum
106658541	Trichogramma pretiosum
113496806	Trichoplusia ni
113497513	Trichoplusia ni
113498315	Trichoplusia ni
113499263	Trichoplusia ni
113499465	Trichoplusia ni
113499590	Trichoplusia ni
113507513	Trichoplusia ni
129742048	Uranotaenia lowii
129742866	Uranotaenia lowii
129748523	Uranotaenia lowii
129750948	Uranotaenia lowii
129750949	Uranotaenia lowii
129753803	Uranotaenia lowii
129754446	Uranotaenia lowii
129754447	Uranotaenia lowii
129755505	Uranotaenia lowii
129759664	Uranotaenia lowii
125066587	Vanessa atalanta
125069852	Vanessa atalanta
125069901	Vanessa atalanta
125069966	Vanessa atalanta
125072649	Vanessa atalanta
125072800	Vanessa atalanta
124532112	Vanessa cardui
124536852	Vanessa cardui
124536985	Vanessa cardui
124537056	Vanessa cardui
124539248	Vanessa cardui
124539465	Vanessa cardui
113392285	Vanessa tameamea
113400366	Vanessa tameamea
113400494	Vanessa tameamea
113400578	Vanessa tameamea
113401867	Vanessa tameamea
113401877	Vanessa tameamea
122411466	Venturia canescens
122415969	Venturia canescens
124425236	Vespa crabro
124432810	Vespa crabro
118439772	Vespa mandarinia
118443169	Vespa mandarinia
124947364	Vespa velutina
124948806	Vespa velutina
122627043	Vespula pensylvanica
122628788	Vespula pensylvanica
127061863	Vespula vulgaris
127063066	Vespula vulgaris
105558928	Vollenhovia emeryi
105560858	Vollenhovia emeryi
105560859	Vollenhovia emeryi
105562196	Vollenhovia emeryi
105562543	Vollenhovia emeryi
105568928	Vollenhovia emeryi
105452760	Wasmannia auropunctata
105454813	Wasmannia auropunctata
105454814	Wasmannia auropunctata
105454822	Wasmannia auropunctata
105457467	Wasmannia auropunctata
129717353	Wyeomyia smithii
129721212	Wyeomyia smithii
129721213	Wyeomyia smithii
129722862	Wyeomyia smithii
129724755	Wyeomyia smithii
129725899	Wyeomyia smithii
129725901	Wyeomyia smithii
129731199	Wyeomyia smithii
119834529	Zerene cesonia
119834530	Zerene cesonia
119836737	Zerene cesonia
119836833	Zerene cesonia
119840003	Zerene cesonia
119840051	Zerene cesonia
119840156	Zerene cesonia
105211203	Zeugodacus cucurbitae
105211204	Zeugodacus cucurbitae
105211207	Zeugodacus cucurbitae
105211208	Zeugodacus cucurbitae
105211209	Zeugodacus cucurbitae
105211210	Zeugodacus cucurbitae
105211211	Zeugodacus cucurbitae
105211212	Zeugodacus cucurbitae
105213973	Zeugodacus cucurbitae
105213974	Zeugodacus cucurbitae
105213975	Zeugodacus cucurbitae
105218452	Zeugodacus cucurbitae
105221247	Zeugodacus cucurbitae
105221249	Zeugodacus cucurbitae
114803765	Zeugodacus cucurbitae
128921407	Zeugodacus cucurbitae
128922431	Zeugodacus cucurbitae
110827941	Zootermopsis nevadensis
110828014	Zootermopsis nevadensis
110829283	Zootermopsis nevadensis
110829284	Zootermopsis nevadensis
110829285	Zootermopsis nevadensis
110829293	Zootermopsis nevadensis
110832363	Zootermopsis nevadensis
110833092	Zootermopsis nevadensis
110835432	Zootermopsis nevadensis
135123101	Zophobas morio
135123102	Zophobas morio
135123595	Zophobas morio
135123596	Zophobas morio
135123597	Zophobas morio
135123634	Zophobas morio
135123775	Zophobas morio
135123831	Zophobas morio
135123832	Zophobas morio
135134372	Zophobas morio
135135160	Zophobas morio
135135586	Zophobas morio